<?xml version="1.0" encoding="UTF-8"?>
<!--This is a Reload version 2.0.2 SCORM 1.2 Content Package document-->
<!--Spawned from the Reload Content Package Generator - http://www.reload.ac.uk-->
<manifest xmlns="http://www.imsproject.org/xsd/imscp_rootv1p1p2" xmlns:imsmd="http://www.imsglobal.org/xsd/imsmd_rootv1p2p1" xmlns:xsi="http://www.w3.org/2001/XMLSchema-instance" xmlns:adlcp="http://www.adlnet.org/xsd/adlcp_rootv1p2" identifier="MANIFEST-0285BC67-E307-6AFD-0D1D-A0B479F3094B" xsi:schemaLocation="http://www.imsproject.org/xsd/imscp_rootv1p1p2 imscp_rootv1p1p2.xsd http://www.imsglobal.org/xsd/imsmd_rootv1p2p1 imsmd_rootv1p2p1.xsd http://www.adlnet.org/xsd/adlcp_rootv1p2 adlcp_rootv1p2.xsd">
  <organizations default="ORG-62111BAB-D8F1-1886-CE10-86AED25BE468">
    <organization identifier="ORG-62111BAB-D8F1-1886-CE10-86AED25BE468" structure="hierarchical">
      <title>SCORM 1.2 &amp; Flash</title>
      <item identifier="ITEM-D7ADA305-92FA-BEFE-10C8-7A36FBBFE668" isvisible="true" identifierref="RES-16367F76-D89E-A927-7653-6A386BCD6D1B">
        <title>Bipolar Assessments</title>
      </item>
    </organization>
  </organizations>
  <resources>
    <resource identifier="RES-16367F76-D89E-A927-7653-6A386BCD6D1B" type="webcontent" adlcp:scormtype="sco" href="index.html">
	 <file href="index.html" />
    </resource>
    <!--<resource identifier="RES-6084D039-3079-BC9F-B4F3-8DE7E97376D3" type="webcontent" adlcp:scormtype="asset" href="scormExternalInterfaceDemo.fla">
      <file href="scormExternalInterfaceDemo.fla" />
    </resource>-->
  </resources>
</manifest>

